City_ID,City,Country,Date,Lat,Lng,Max Temp,Humidity,Cloudiness,Wind Speed
0,Bluff,NZ,2021-10-04 02:36:44,-46.6,168.3333,52.81,78,100,25.88
1,Padang,ID,2021-10-04 02:36:45,-0.9492,100.3543,82.45,74,100,3.04
2,Severo-Yeniseyskiy,RU,2021-10-04 02:36:45,60.3725,93.0408,31.37,89,100,3.36
3,Tommot,RU,2021-10-04 02:36:46,58.9564,126.2925,37.4,64,23,5.97
4,Hofn,IS,2021-10-04 02:36:46,64.2539,-15.2082,44.96,79,100,21.27
5,Butaritari,KI,2021-10-04 02:36:46,3.0707,172.7902,82.96,68,7,16.69
6,Puerto Ayora,EC,2021-10-04 02:36:47,-0.7393,-90.3518,69.4,86,60,10.51
7,Yellowknife,CA,2021-10-04 02:36:47,62.456,-114.3525,44.42,62,20,6.91
8,Murray Bridge,AU,2021-10-04 02:36:47,-35.1167,139.2667,58.42,54,28,27.22
9,Wairoa,NZ,2021-10-04 02:36:48,-39.0333,177.3667,65.55,80,100,5.01
10,Anadyr,RU,2021-10-04 02:36:48,64.75,177.4833,37.9,93,90,21.99
11,Hobart,AU,2021-10-04 02:31:49,-42.8794,147.3294,65.01,80,75,8.05
12,Victoria,HK,2021-10-04 02:33:42,22.2855,114.1577,89.65,68,42,1.99
13,Saint-Philippe,RE,2021-10-04 02:36:49,-21.3585,55.7679,70.21,82,48,12.68
14,Katsuura,JP,2021-10-04 02:36:49,35.1333,140.3,80.71,69,2,11.07
15,Maldonado,UY,2021-10-04 02:36:50,-34.6667,-54.9167,55.22,72,40,4.29
16,Mount Isa,AU,2021-10-04 02:36:50,-20.7333,139.5,89.37,13,12,9.22
17,Safaga,EG,2021-10-04 02:36:50,26.7292,33.9365,75.15,56,0,18.61
18,Mitu,CO,2021-10-04 02:36:51,1.1983,-70.1733,72.84,98,100,1.74
19,Atuona,PF,2021-10-04 02:36:51,-9.8,-139.0333,77.81,73,14,15.75
20,San Cristobal,VE,2021-10-04 02:36:51,7.7669,-72.225,75.38,97,95,2.62
21,Omboue,GA,2021-10-04 02:36:52,-1.5746,9.2618,75.92,85,100,6.91
22,East London,ZA,2021-10-04 02:36:52,-33.0153,27.9116,55.27,68,7,4.38
23,Dhidhdhoo,MV,2021-10-04 02:36:52,6.8833,73.1,81.18,82,100,15.39
24,Lorengau,PG,2021-10-04 02:36:53,-2.0226,147.2712,86.65,60,60,6.4
25,Carnarvon,AU,2021-10-04 02:36:53,-24.8667,113.6333,71.67,53,0,21.85
26,Rikitea,PF,2021-10-04 02:36:54,-23.1203,-134.9692,73.42,67,100,17.9
27,Arraial Do Cabo,BR,2021-10-04 02:36:54,-22.9661,-42.0278,70.36,98,100,10.54
28,Castro,BR,2021-10-04 02:36:02,-24.7911,-50.0119,62.62,96,100,4.09
29,Hithadhoo,MV,2021-10-04 02:36:55,-0.6,73.0833,83.34,75,39,16.78
30,Bambous Virieux,MU,2021-10-04 02:36:55,-20.3428,57.7575,73.22,94,75,5.75
31,Ushuaia,AR,2021-10-04 02:36:55,-54.8,-68.3,37.06,75,90,17.27
32,Albany,US,2021-10-04 02:36:56,42.6001,-73.9662,61.66,94,100,1.25
33,Arlit,NE,2021-10-04 02:36:56,18.7369,7.3853,84.36,16,0,6.8
34,Busselton,AU,2021-10-04 02:36:56,-33.65,115.3333,62.04,63,92,18.1
35,Cape Town,ZA,2021-10-04 02:35:29,-33.9258,18.4232,54.27,69,20,13.8
36,Iskateley,RU,2021-10-04 02:36:57,67.6803,53.1512,40.21,95,90,12.33
37,Georgetown,MY,2021-10-04 02:34:11,5.4112,100.3354,87.89,77,20,1.01
38,Port Hawkesbury,CA,2021-10-04 02:34:45,45.6169,-61.3485,53.19,95,90,1.99
39,Saskylakh,RU,2021-10-04 02:36:57,71.9167,114.0833,22.44,89,100,14.52
40,Abyek,IR,2021-10-04 02:36:57,36.0667,50.55,62.2,49,0,8.48
41,Yagodnoye,RU,2021-10-04 02:36:58,62.55,149.6667,25.63,72,100,9.22
42,Avarua,CK,2021-10-04 02:36:58,-21.2078,-159.775,77.05,65,40,14.97
43,Ampanihy,MG,2021-10-04 02:36:58,-24.7,44.75,71.01,64,86,4.79
44,Inhambane,MZ,2021-10-04 02:36:59,-23.865,35.3833,71.55,93,100,14.92
45,Camocim,BR,2021-10-04 02:36:59,-2.9022,-40.8411,78.76,83,5,14.2
46,Talnakh,RU,2021-10-04 02:36:59,69.4865,88.3972,22.69,95,100,5.97
47,Fortuna,US,2021-10-04 02:37:00,40.5982,-124.1573,65.43,70,1,0.0
48,Pogaceaua,RO,2021-10-04 02:37:00,46.6833,24.3,40.32,69,0,3.02
49,Okhotsk,RU,2021-10-04 02:37:01,59.3833,143.3,43.5,52,83,23.67
50,Lagoa,PT,2021-10-04 02:37:01,39.05,-27.9833,70.5,92,7,10.94
51,Nanortalik,GL,2021-10-04 02:37:01,60.1432,-45.2371,38.03,85,1,0.45
52,Barabinsk,RU,2021-10-04 02:37:01,55.3571,78.357,33.21,99,100,8.86
53,Khatanga,RU,2021-10-04 02:37:02,71.9667,102.5,24.08,94,100,16.67
54,Chuy,UY,2021-10-04 02:37:02,-33.6971,-53.4616,46.31,79,57,5.97
55,Punta Arenas,CL,2021-10-04 02:37:03,-53.15,-70.9167,41.11,70,0,29.93
56,Halifax,CA,2021-10-04 02:36:00,44.6453,-63.5724,52.0,91,92,6.91
57,Vaini,TO,2021-10-04 02:37:03,-21.2,-175.2,75.36,88,90,12.66
58,Vao,NC,2021-10-04 02:37:03,-22.6667,167.4833,71.78,91,0,12.97
59,Leh,IN,2021-10-04 02:33:24,34.1667,77.5833,47.66,52,5,7.09
60,Cherskiy,RU,2021-10-04 02:37:04,68.75,161.3,22.93,95,89,5.1
61,Grand Gaube,MU,2021-10-04 02:37:04,-20.0064,57.6608,73.38,74,81,5.01
62,Neryungri,RU,2021-10-04 02:37:04,56.6709,124.6491,34.52,64,92,9.08
63,Bahia Honda,CU,2021-10-04 02:37:05,22.9036,-83.1592,77.43,87,89,7.76
64,Kaeo,NZ,2021-10-04 02:37:05,-35.1,173.7833,69.33,86,47,9.26
65,Quatre Cocos,MU,2021-10-04 02:37:06,-20.2078,57.7625,73.09,82,86,14.12
66,Dwarka,IN,2021-10-04 02:37:06,22.2394,68.9678,83.01,77,9,10.02
67,Cameron Park,US,2021-10-04 02:37:06,38.6688,-120.9872,78.73,32,0,4.68
68,Krasnokamensk,RU,2021-10-04 02:37:07,50.0979,118.0369,48.11,40,92,7.61
69,Port Alfred,ZA,2021-10-04 02:37:07,-33.5906,26.891,53.15,77,3,5.73
70,Thompson,CA,2021-10-04 02:32:42,55.7435,-97.8558,55.56,71,75,0.0
71,Ginda,IN,2021-10-04 02:37:07,30.6945,78.4932,65.88,69,0,1.63
72,College,US,2021-10-04 02:37:08,64.8569,-147.8028,34.29,95,90,3.44
73,Distraccion,CO,2021-10-04 02:37:08,10.8969,-72.8861,74.97,96,100,1.23
74,Geraldton,AU,2021-10-04 02:37:09,-28.7667,114.6,66.61,45,0,5.75
75,Aksay,RU,2021-10-04 02:37:09,47.26,39.87,48.42,45,100,11.68
76,Atar,MR,2021-10-04 02:37:09,20.5169,-13.0499,88.25,10,8,15.21
77,Pevek,RU,2021-10-04 02:37:10,69.7008,170.3133,26.71,90,99,2.13
78,Mandan,US,2021-10-04 02:36:29,46.8267,-100.8896,67.57,47,1,5.75
79,Xai-Xai,MZ,2021-10-04 02:37:10,-25.0519,33.6442,67.93,85,99,16.37
80,Tuktoyaktuk,CA,2021-10-04 02:37:10,69.4541,-133.0374,33.8,93,90,14.97
81,Saldanha,ZA,2021-10-04 02:37:11,-33.0117,17.9442,46.45,71,0,19.77
82,Meadow Lake,US,2021-10-04 02:37:11,34.8014,-106.5436,69.28,37,26,3.38
83,Jamestown,US,2021-10-04 02:36:04,42.097,-79.2353,67.32,98,90,4.0
84,Narragansett,US,2021-10-04 02:37:12,41.4501,-71.4495,66.04,81,90,6.91
85,Chanika,TZ,2021-10-04 02:37:12,-5.4167,38.0167,66.51,82,100,3.87
86,Warri,NG,2021-10-04 02:37:12,5.5167,5.75,75.36,95,100,1.7
87,Kotma,IN,2021-10-04 02:37:13,23.2,81.9667,79.81,73,0,1.9
88,Clyde River,CA,2021-10-04 02:37:13,70.4692,-68.5914,36.3,85,99,3.56
89,Guerrero Negro,MX,2021-10-04 02:37:13,27.9769,-114.0611,74.93,66,100,12.95
90,Boende,CD,2021-10-04 02:37:14,-0.2167,20.8667,68.67,99,100,2.93
91,At-Bashi,KG,2021-10-04 02:37:14,41.1702,75.8106,42.28,78,90,3.02
92,Cocal,BR,2021-10-04 02:37:14,-28.6167,-49.35,62.13,97,100,4.21
93,Kununurra,AU,2021-10-04 02:37:15,-15.7667,128.7333,98.58,15,11,11.5
94,Tiksi,RU,2021-10-04 02:37:15,71.6872,128.8694,26.31,83,100,21.23
95,Tura,IN,2021-10-04 02:37:16,25.5198,90.2201,77.77,91,34,4.36
96,Chokurdakh,RU,2021-10-04 02:37:16,70.6333,147.9167,26.06,96,100,9.31
97,Biltine,TD,2021-10-04 02:37:16,14.5333,20.9167,83.44,27,83,9.84
98,Kapaa,US,2021-10-04 02:33:03,22.0752,-159.319,79.2,76,90,1.99
99,Prince Rupert,CA,2021-10-04 02:37:02,54.3161,-130.3201,47.89,70,90,9.22
100,Belaya Gora,RU,2021-10-04 02:37:17,68.5333,146.4167,30.11,67,83,10.69
101,Nikolskoye,RU,2021-10-04 02:37:17,59.7035,30.7861,43.88,95,0,7.05
102,Rawson,AR,2021-10-04 02:37:18,-43.3002,-65.1023,55.24,39,12,20.38
103,Provideniya,RU,2021-10-04 02:37:18,64.3833,-173.3,35.71,75,75,13.42
104,Coihaique,CL,2021-10-04 02:37:18,-45.5752,-72.0662,44.55,70,40,5.75
105,Aanekoski,FI,2021-10-04 02:37:19,62.6946,25.818,50.07,100,100,13.2
106,Bogorodskoye,RU,2021-10-04 02:37:19,56.55,37.8833,37.42,92,81,4.83
107,Pacific Grove,US,2021-10-04 02:37:20,36.6177,-121.9166,78.76,64,1,1.01
108,Alofi,NU,2021-10-04 02:37:20,-19.0595,-169.9187,78.69,78,77,16.11
109,Broken Hill,AU,2021-10-04 02:37:20,-31.95,141.4333,65.91,27,40,25.32
110,Saint-Remi,CA,2021-10-04 02:37:21,45.2668,-73.6159,57.25,85,36,2.3
111,San-Pedro,CI,2021-10-04 02:37:21,4.7485,-6.6363,75.79,93,52,0.13
112,Urumqi,CN,2021-10-04 02:37:21,43.801,87.6005,41.95,61,0,4.47
113,Airai,TL,2021-10-04 02:37:22,-8.9266,125.4092,81.77,29,36,2.73
114,Miastko,PL,2021-10-04 02:37:22,54.0028,16.9826,51.53,75,100,6.49
115,Aguimes,ES,2021-10-04 02:37:23,27.9054,-15.4461,70.43,70,40,19.57
116,Dikson,RU,2021-10-04 02:37:23,73.5069,80.5464,35.6,98,100,21.7
117,Mataura,NZ,2021-10-04 02:37:23,-46.1927,168.8643,52.48,78,100,11.9
118,Sychevka,RU,2021-10-04 02:37:24,55.8252,34.2736,40.39,89,96,5.14
119,Verkhoyansk,RU,2021-10-04 02:37:24,67.5447,133.385,30.45,61,24,0.47
120,Opunake,NZ,2021-10-04 02:37:25,-39.4556,173.8583,65.34,84,80,11.1
121,Mayo,US,2021-10-04 02:37:25,38.8876,-76.5119,76.24,85,75,1.99
122,Kodiak,US,2021-10-04 02:37:25,57.79,-152.4072,40.69,60,0,8.59
123,Bonavista,CA,2021-10-04 02:37:26,48.6499,-53.1147,53.11,87,100,10.6
124,Sao Jose Da Coroa Grande,BR,2021-10-04 02:37:26,-8.8978,-35.1478,75.67,82,21,11.12
125,Dir,PK,2021-10-04 02:37:26,35.2058,71.8756,68.05,57,0,1.54
126,Tual,ID,2021-10-04 02:37:27,-5.6667,132.75,81.19,66,32,7.72
127,Xiuyan,CN,2021-10-04 02:37:27,40.2928,123.2744,62.4,64,100,14.47
128,Barrow,US,2021-10-04 02:34:08,71.2906,-156.7887,28.42,86,90,6.91
129,Otane,NZ,2021-10-04 02:37:28,-39.8833,176.6333,64.38,89,100,2.75
130,Upernavik,GL,2021-10-04 02:37:28,72.7868,-56.1549,30.18,85,95,4.21
131,Cabedelo,BR,2021-10-04 02:37:28,-6.9811,-34.8339,77.67,81,34,14.47
132,Qaanaaq,GL,2021-10-04 02:37:29,77.484,-69.3632,26.01,94,98,6.04
133,Rochegda,RU,2021-10-04 02:37:29,62.8,43.25,38.17,93,86,3.71
134,Magalia,US,2021-10-04 02:37:29,39.8121,-121.5783,74.95,31,4,1.01
135,Cidreira,BR,2021-10-04 02:37:30,-30.1811,-50.2056,61.56,83,99,12.5
136,Severnyy,RU,2021-10-04 02:37:30,50.677,36.5532,42.26,81,24,5.37
137,Oranjestad,AW,2021-10-04 02:37:30,12.524,-70.027,84.15,74,20,21.85
138,Natal,BR,2021-10-04 02:32:36,-5.795,-35.2094,77.22,83,20,4.61
139,Santa Rosa,PH,2021-10-04 02:37:31,14.3122,121.1114,85.08,72,100,11.07
140,Praia,CV,2021-10-04 02:37:31,14.9215,-23.5087,81.14,83,40,9.22
141,Port Elizabeth,ZA,2021-10-04 02:37:32,-33.918,25.5701,52.09,76,0,9.22
142,Hovd,MN,2021-10-04 02:37:32,48.0056,91.6419,36.64,27,8,1.43
143,Presidencia Roque Saenz Pena,AR,2021-10-04 02:37:32,-26.7852,-60.4388,59.76,36,100,6.4
144,Garissa,KE,2021-10-04 02:37:33,-0.4536,39.6401,73.33,84,72,12.06
145,Meulaboh,ID,2021-10-04 02:37:33,4.1363,96.1285,82.11,68,98,2.17
146,Ocos,GT,2021-10-04 02:37:33,14.5094,-92.1933,81.0,74,33,1.16
147,Tasiilaq,GL,2021-10-04 02:37:34,65.6145,-37.6368,32.16,58,32,4.7
148,Buraydah,SA,2021-10-04 02:37:34,26.326,43.975,72.05,16,8,4.45
149,Hami,CN,2021-10-04 02:37:34,42.8,93.45,52.11,27,0,1.21
150,Kruisfontein,ZA,2021-10-04 02:37:35,-34.0033,24.7314,44.89,79,5,5.97
151,Sao Filipe,CV,2021-10-04 02:37:35,14.8961,-24.4956,79.84,80,15,4.09
152,Hermanus,ZA,2021-10-04 02:37:36,-34.4187,19.2345,51.91,79,14,9.46
153,North Bend,US,2021-10-04 02:37:36,43.4065,-124.2243,58.91,91,1,16.11
154,Mar Del Plata,AR,2021-10-04 02:37:36,-38.0023,-57.5575,46.13,69,0,8.01
155,Todos Santos,MX,2021-10-04 02:37:37,23.45,-110.2167,82.65,75,86,1.19
156,Port-Cartier,CA,2021-10-04 02:37:37,50.0334,-66.8654,41.22,82,39,6.82
157,Hue,VN,2021-10-04 02:37:37,16.4667,107.6,87.91,62,20,2.3
158,Vestmannaeyjar,IS,2021-10-04 02:37:38,63.4427,-20.2734,46.18,76,48,19.51
159,Itarema,BR,2021-10-04 02:37:38,-2.9248,-39.9167,79.11,84,10,16.6
160,Torbay,CA,2021-10-04 02:37:38,47.6666,-52.7314,52.68,94,75,6.91
161,Adrar,MR,2021-10-04 02:37:39,20.5022,-10.0711,86.61,9,12,9.19
162,Lewisville,US,2021-10-04 02:33:00,33.0462,-96.9942,76.62,66,62,4.72
163,Chumikan,RU,2021-10-04 02:37:39,54.7183,135.315,46.11,35,4,11.34
164,Lumphat,KH,2021-10-04 02:37:40,13.4878,106.9816,85.24,71,100,1.36
165,Magaria,NE,2021-10-04 02:37:40,12.9983,8.9099,81.95,32,0,4.41
166,Ilulissat,GL,2021-10-04 02:37:40,69.2167,-51.1,28.42,64,40,2.3
167,Komsomolskiy,UZ,2021-10-04 02:37:41,40.4272,71.7189,54.32,50,98,6.91
168,Oktyabrskiy,RU,2021-10-04 02:37:41,54.4815,53.471,34.86,84,35,5.57
169,Prescott,US,2021-10-04 02:37:42,34.54,-112.4685,68.16,45,40,1.01
170,Dingle,PH,2021-10-04 02:37:42,10.9995,122.6711,76.19,95,100,6.15
171,Kaitangata,NZ,2021-10-04 02:37:42,-46.2817,169.8464,50.94,79,100,16.6
172,Puerto Del Rosario,ES,2021-10-04 02:37:43,28.5004,-13.8627,73.08,78,17,9.22
173,Prainha,BR,2021-10-04 02:37:43,-1.8,-53.48,74.88,89,22,3.11
174,Hibbing,US,2021-10-04 02:37:43,47.4272,-92.9377,53.58,100,90,0.0
175,Benguela,AO,2021-10-04 02:37:44,-12.5763,13.4055,69.94,83,64,1.79
176,Las Palmas,ES,2021-10-04 02:37:44,28.4204,-14.0131,68.79,78,21,9.22
177,Vaasa,FI,2021-10-04 02:36:13,63.096,21.6158,55.42,71,0,19.57
178,Tabou,CI,2021-10-04 02:37:45,4.423,-7.3528,76.69,90,41,3.94
179,San Patricio,US,2021-10-04 02:37:45,28.017,-97.5169,80.89,78,97,5.08
180,Pangnirtung,CA,2021-10-04 02:37:45,66.1451,-65.7125,28.4,100,1,5.75
181,Hilo,US,2021-10-04 02:34:50,19.7297,-155.09,85.28,69,90,8.05
182,Longyearbyen,SJ,2021-10-04 02:37:46,78.2186,15.6401,37.24,93,75,3.44
183,Irondequoit,US,2021-10-04 02:37:46,43.2134,-77.5797,67.03,97,90,0.0
184,Seoul,KR,2021-10-04 02:34:38,37.5683,126.9778,79.21,69,90,12.66
185,Axim,GH,2021-10-04 02:37:47,4.8699,-2.2405,76.44,91,72,4.47
186,Severo-Kurilsk,RU,2021-10-04 02:37:47,50.6789,156.125,48.72,74,74,23.78
187,Manzhouli,CN,2021-10-04 02:37:47,49.6,117.4333,48.67,41,20,11.74
188,Hamilton,US,2021-10-04 02:37:48,39.1834,-84.5333,68.99,92,75,1.99
189,Nemuro,JP,2021-10-04 02:37:48,43.3236,145.575,70.23,84,100,22.64
190,Bontang,ID,2021-10-04 02:37:49,0.1333,117.5,77.47,90,100,9.86
191,New Norfolk,AU,2021-10-04 02:37:49,-42.7826,147.0587,61.92,76,97,1.01
192,Bilibino,RU,2021-10-04 02:37:49,68.0546,166.4372,22.84,92,95,2.98
193,Hambantota,LK,2021-10-04 02:37:50,6.1241,81.1185,80.94,94,20,5.75
194,Olinda,BR,2021-10-04 02:37:50,-8.0089,-34.8553,80.33,69,75,9.22
195,Vanimo,PG,2021-10-04 02:37:51,-2.6741,141.3028,85.51,66,99,6.33
196,Mayor Pablo Lagerenza,PY,2021-10-04 02:37:51,-19.9309,-60.7718,61.29,45,93,13.27
197,Luderitz,NA,2021-10-04 02:37:51,-26.6481,15.1594,57.52,53,65,13.91
198,Youkounkoun,GN,2021-10-04 02:37:52,12.5333,-13.1333,74.8,89,76,2.48
199,Hasaki,JP,2021-10-04 02:37:52,35.7333,140.8333,82.29,72,3,14.56
200,Shaowu,CN,2021-10-04 02:37:52,27.3409,117.4831,84.87,43,0,5.21
201,Mogadishu,SO,2021-10-04 02:37:52,2.0371,45.3438,77.99,82,41,14.12
202,Ambilobe,MG,2021-10-04 02:37:53,-13.2,49.05,68.31,76,40,3.33
203,Tsaratanana,MG,2021-10-04 02:37:53,-16.7833,47.65,66.97,80,7,7.49
204,Mersing,MY,2021-10-04 02:37:53,2.4312,103.8405,85.91,79,40,3.44
205,Nome,US,2021-10-04 02:37:54,64.5011,-165.4064,35.67,56,90,6.91
206,Matara,LK,2021-10-04 02:37:54,5.9485,80.5353,82.33,75,100,9.6
207,Kalianget,ID,2021-10-04 02:37:54,-7.05,113.9333,84.15,65,100,3.22
208,Bonthe,SL,2021-10-04 02:37:55,7.5264,-12.505,76.75,89,98,2.73
209,Pesqueira,BR,2021-10-04 02:37:14,-8.3578,-36.6964,66.63,91,22,10.42
210,Le Port,RE,2021-10-04 02:37:55,-20.9373,55.2919,70.61,74,14,7.29
211,Kurchum,KZ,2021-10-04 02:37:55,48.5722,83.6542,46.11,42,100,13.0
212,Diamantina,BR,2021-10-04 02:37:56,-18.2494,-43.6003,69.82,56,67,4.76
213,Bredasdorp,ZA,2021-10-04 02:37:56,-34.5322,20.0403,43.92,87,51,3.44
214,San Jeronimo,PE,2021-10-04 02:37:56,-11.9472,-75.2829,52.95,72,35,2.91
215,Dores Do Indaia,BR,2021-10-04 02:37:57,-19.4633,-45.6017,77.72,45,50,2.28
216,San Policarpo,PH,2021-10-04 02:37:57,12.1791,125.5072,80.85,88,100,11.1
217,Half Moon Bay,US,2021-10-04 02:37:57,37.4636,-122.4286,82.22,62,1,0.0
218,Nouadhibou,MR,2021-10-04 02:37:58,20.931,-17.0347,76.53,56,5,18.48
219,Walvis Bay,NA,2021-10-04 02:37:58,-22.9575,14.5053,53.1,93,0,11.5
220,Charters Towers,AU,2021-10-04 02:37:58,-20.1,146.2667,97.93,14,0,4.61
221,Mimongo,GA,2021-10-04 02:37:58,-1.6195,11.6068,69.57,99,97,2.75
222,Pemberton,CA,2021-10-04 02:33:51,50.3164,-122.8027,48.06,85,40,3.74
223,Lavrentiya,RU,2021-10-04 02:37:59,65.5833,-171.0,28.6,75,16,3.31
224,Sept-Iles,CA,2021-10-04 02:35:05,50.2001,-66.3821,41.52,88,1,5.75
225,San Jose,US,2021-10-04 02:37:59,37.3394,-121.895,83.08,38,40,6.91
226,Kashi,CN,2021-10-04 02:38:00,39.4547,75.9797,51.01,76,75,0.0
227,Mehamn,NO,2021-10-04 02:38:00,71.0357,27.8492,49.03,76,100,22.84
228,Matale,LK,2021-10-04 02:38:00,7.4721,80.6234,77.18,82,100,3.36
229,Bulgan,MN,2021-10-04 02:38:01,48.8125,103.5347,37.11,62,12,2.73
230,Dhuwaran,IN,2021-10-04 02:38:01,22.2333,72.8,77.34,71,11,6.71
231,Beruwala,LK,2021-10-04 02:38:01,6.4788,79.9828,81.36,79,96,4.83
232,Bani Walid,LY,2021-10-04 02:38:01,31.7566,13.9942,66.78,79,0,3.06
233,Codrington,AU,2021-10-04 02:38:02,-38.2667,141.9667,53.65,80,98,21.41
234,Ancud,CL,2021-10-04 02:38:02,-41.8697,-73.8203,44.13,83,47,3.83
235,Faanui,PF,2021-10-04 02:38:02,-16.4833,-151.75,79.0,72,12,10.47
236,Ust-Nera,RU,2021-10-04 02:38:03,64.5667,143.2,31.17,61,26,3.22
237,Husavik,IS,2021-10-04 02:38:03,66.0449,-17.3389,40.91,96,100,24.02
238,Sabinas Hidalgo,MX,2021-10-04 02:38:03,26.5,-100.1667,78.64,66,63,1.66
239,Kijang,KR,2021-10-04 02:38:04,35.2442,129.2139,83.93,70,77,16.35
240,Donskoye,RU,2021-10-04 02:38:04,45.4552,41.9741,46.53,84,100,13.78
241,Tanout,NE,2021-10-04 02:38:04,14.9709,8.8879,83.86,22,0,6.2
242,Ust-Ilimsk,RU,2021-10-04 02:38:05,58.0006,102.6619,37.53,72,98,3.74
243,Turukhansk,RU,2021-10-04 02:38:05,65.8167,87.9833,31.08,89,95,3.71
244,Zyryanka,RU,2021-10-04 02:38:06,65.75,150.85,31.78,61,91,13.24
245,Zhaotong,CN,2021-10-04 02:38:06,27.3167,103.7167,70.41,67,46,8.48
246,Aginskoye,RU,2021-10-04 02:38:07,51.1,114.53,43.03,58,99,13.69
247,Souillac,MU,2021-10-04 02:38:07,-20.5167,57.5167,73.36,94,75,5.75
248,Gwadar,PK,2021-10-04 02:38:07,25.1216,62.3254,80.69,79,9,6.53
249,Lebu,CL,2021-10-04 02:38:08,-37.6167,-73.65,48.2,78,0,19.06
250,Beloha,MG,2021-10-04 02:38:08,-25.1667,45.05,69.31,86,40,4.07
251,Ilebo,CD,2021-10-04 02:38:08,-4.3167,20.5833,67.75,92,97,0.43
252,Kahului,US,2021-10-04 02:38:09,20.8947,-156.47,84.22,66,40,24.16
253,Ronne,DK,2021-10-04 02:38:09,55.1009,14.7066,58.91,88,75,9.22
254,Narsaq,GL,2021-10-04 02:38:09,60.9167,-46.05,39.42,64,5,3.15
255,Shache,CN,2021-10-04 02:38:10,38.4167,77.2406,54.39,34,93,5.55
256,Morehead,US,2021-10-04 02:38:10,37.2711,-87.1764,67.95,91,40,0.0
257,Acarau,BR,2021-10-04 02:38:10,-2.8856,-40.12,79.21,84,11,16.89
258,Ilhabela,BR,2021-10-04 02:38:11,-23.7781,-45.3581,70.61,94,100,7.09
259,Burnie,AU,2021-10-04 02:38:11,-41.0667,145.9167,52.52,91,54,18.03
260,Kilindoni,TZ,2021-10-04 02:38:11,-7.9139,39.6668,76.23,73,64,9.84
261,Sioux Lookout,CA,2021-10-04 02:38:11,50.1001,-91.917,55.78,87,1,5.75
262,Bud,US,2021-10-04 02:38:12,39.447,-86.1758,66.9,90,9,5.95
263,Anloga,GH,2021-10-04 02:38:12,5.7947,0.8973,80.82,87,10,7.78
264,Pitimbu,BR,2021-10-04 02:38:13,-7.4706,-34.8086,77.59,78,24,13.0
265,Vila Franca Do Campo,PT,2021-10-04 02:38:13,37.7167,-25.4333,73.2,91,90,5.41
266,Bethel,US,2021-10-04 02:38:13,41.3712,-73.414,68.81,89,90,0.0
267,Yuksekova,TR,2021-10-04 02:38:14,37.5736,44.2872,61.43,72,0,4.03
268,Noumea,NC,2021-10-04 02:38:14,-22.2763,166.4572,85.98,76,10,12.48
269,Kabwe,ZM,2021-10-04 02:38:15,-14.4469,28.4464,69.71,65,99,1.72
270,Olafsvik,IS,2021-10-04 02:38:15,64.8945,-23.7142,40.89,82,100,30.78
271,Omagari,JP,2021-10-04 02:38:16,39.45,140.4833,79.56,42,21,8.01
272,Ulverstone,AU,2021-10-04 02:38:16,-41.15,146.1667,57.29,91,55,18.37
273,Progreso,MX,2021-10-04 02:38:16,21.2833,-89.6667,81.1,78,100,11.99
274,Darhan,MN,2021-10-04 02:38:17,49.4867,105.9228,40.71,66,56,0.63
275,Iqaluit,CA,2021-10-04 02:38:17,63.7506,-68.5145,29.93,80,1,4.61
276,Cao Bang,VN,2021-10-04 02:38:18,22.6667,106.25,85.55,63,20,3.8
277,Poum,NC,2021-10-04 02:38:18,-20.2333,164.0167,75.02,84,18,9.46
278,Sarakhs,IR,2021-10-04 02:38:18,36.5449,61.1577,46.54,42,0,0.0
279,Margate,GB,2021-10-04 02:38:19,51.3813,1.3862,54.91,86,10,1.99
280,Manavalakurichi,IN,2021-10-04 02:38:19,8.1333,77.3,82.49,76,77,8.48
281,Ahar,IR,2021-10-04 02:38:19,38.4774,47.0699,47.25,90,17,4.05
282,Chake Chake,TZ,2021-10-04 02:38:20,-5.2459,39.7666,72.77,85,29,6.35
283,Fuyu,CN,2021-10-04 02:38:20,45.1833,124.8167,53.73,47,78,10.85
284,Paamiut,GL,2021-10-04 02:38:20,61.994,-49.6678,37.78,62,49,9.08
285,Ribeira Grande,PT,2021-10-04 02:38:21,38.5167,-28.7,71.49,89,29,7.36
286,Saint-Francois,FR,2021-10-04 02:38:21,46.4154,3.9054,51.67,96,90,4.61
287,Sawakin,SD,2021-10-04 02:38:22,19.1059,37.3321,82.47,59,47,7.27
288,Kropotkin,RU,2021-10-04 02:38:22,45.4375,40.5756,49.87,78,100,15.46
289,Prokuplje,RS,2021-10-04 02:38:22,43.2342,21.5881,44.31,64,0,2.08
290,Tuburan,PH,2021-10-04 02:38:23,6.6439,122.2736,82.49,84,100,12.12
291,Northam,GB,2021-10-04 02:38:23,51.0333,-4.2167,53.29,95,100,14.43
292,Laguna,US,2021-10-04 02:38:24,38.421,-121.4238,82.24,37,1,3.44
293,Saint George,US,2021-10-04 02:37:09,37.1041,-113.5841,79.39,25,1,7.0
294,Koygorodok,RU,2021-10-04 02:38:24,60.445,50.9968,29.23,87,15,2.82
295,Sobolevo,RU,2021-10-04 02:38:25,54.4299,31.8996,43.75,84,100,7.52
296,Tutoia,BR,2021-10-04 02:38:25,-2.7619,-42.2744,79.65,84,3,15.05
297,Sulangan,PH,2021-10-04 02:38:26,11.1373,123.7228,78.49,89,100,11.32
298,Maumere,ID,2021-10-04 02:38:26,-8.6199,122.2111,84.7,65,94,7.31
299,Taltal,CL,2021-10-04 02:38:26,-25.4,-70.4833,60.73,63,0,4.32
300,Octeville,FR,2021-10-04 02:38:27,49.6261,-1.6435,57.92,93,75,5.75
301,Mangit,UZ,2021-10-04 02:38:27,40.5971,70.9607,52.88,45,67,2.91
302,Panguna,PG,2021-10-04 02:38:27,-6.3164,155.4848,77.11,86,97,1.52
303,Kayerkan,RU,2021-10-04 02:38:28,69.3497,87.7602,24.66,93,100,6.93
304,Tuatapere,NZ,2021-10-04 02:38:28,-46.1333,167.6833,52.83,82,100,6.64
305,Caraballeda,VE,2021-10-04 02:38:28,10.6112,-66.8522,82.36,81,75,2.3
306,Warrnambool,AU,2021-10-04 02:38:29,-38.3833,142.4833,51.82,76,80,23.62
307,Roebourne,AU,2021-10-04 02:37:18,-20.7833,117.1333,82.87,30,1,9.06
308,Pochutla,MX,2021-10-04 02:38:29,15.7432,-96.4661,81.45,92,72,4.03
309,Belidzhi,RU,2021-10-04 02:38:29,41.8918,48.4125,60.87,86,99,2.48
310,Skibotn,NO,2021-10-04 02:38:30,69.3913,20.2679,53.69,86,100,25.99
311,Mahebourg,MU,2021-10-04 02:38:30,-20.4081,57.7,73.26,94,75,5.75
312,Balsas,BR,2021-10-04 02:35:08,-7.5325,-46.0356,78.84,56,8,0.83
313,San Quintin,MX,2021-10-04 02:38:30,30.4833,-115.95,72.91,65,100,5.86
314,Svobodnyy,RU,2021-10-04 02:33:48,51.4,128.1333,46.49,44,0,9.73
315,Waingapu,ID,2021-10-04 02:38:31,-9.6567,120.2641,86.65,52,11,7.87
316,Vila Velha,BR,2021-10-04 02:38:31,-20.3297,-40.2925,78.75,78,90,13.8
317,Ostrovnoy,RU,2021-10-04 02:38:31,68.0531,39.5131,45.45,80,100,26.84
318,Awbari,LY,2021-10-04 02:38:32,26.5921,12.7805,73.42,36,3,7.87
319,Klaksvik,FO,2021-10-04 02:38:32,62.2266,-6.589,47.32,85,39,15.73
320,Katangli,RU,2021-10-04 02:38:32,51.7102,143.2326,50.61,46,9,16.28
321,Namatanai,PG,2021-10-04 02:38:33,-3.6667,152.4333,86.56,64,100,4.7
322,Agadez,NE,2021-10-04 02:38:33,19.75,10.25,77.34,21,1,5.32
323,Morris,US,2021-10-04 02:38:33,40.8334,-74.5329,70.25,86,40,0.0
324,Portland,US,2021-10-04 02:37:47,45.5234,-122.6762,63.39,80,40,1.99
325,Ixtapa,MX,2021-10-04 02:38:34,20.7,-105.2,83.43,79,40,2.3
326,Marsh Harbour,BS,2021-10-04 02:35:35,26.5412,-77.0636,79.79,69,7,10.2
327,Viseu,PT,2021-10-04 02:37:53,40.661,-7.9097,48.88,82,100,0.78
328,Panzhihua,CN,2021-10-04 02:38:34,26.5851,101.7128,73.17,83,98,0.85
329,Sambava,MG,2021-10-04 02:38:35,-14.2667,50.1667,71.37,81,71,9.24
330,Joshimath,IN,2021-10-04 02:38:35,30.5667,79.5667,68.36,65,18,3.31
331,Areia Branca,BR,2021-10-04 02:38:02,-4.9561,-37.1369,77.22,69,0,18.03
332,Camanducaia,BR,2021-10-04 02:38:35,-22.7553,-46.1447,59.85,96,96,4.36
333,Scottsbluff,US,2021-10-04 02:38:36,41.8666,-103.6672,67.32,33,1,1.01
334,Jalu,LY,2021-10-04 02:38:36,29.0331,21.5482,67.73,52,0,8.16
335,Lasa,IT,2021-10-04 02:38:36,46.6166,10.7002,58.08,98,100,5.79
336,Sarahan,IN,2021-10-04 02:38:37,31.5167,77.8,62.53,62,0,1.48
337,Aktas,KZ,2021-10-04 02:38:37,49.7789,72.9608,35.35,98,100,9.84
338,Dickson,US,2021-10-04 02:35:52,36.077,-87.3878,68.94,99,40,0.0
339,Najran,SA,2021-10-04 02:38:38,17.4924,44.1277,79.45,49,29,2.77
340,Sistranda,NO,2021-10-04 02:38:38,63.7256,8.834,56.89,84,33,8.12
341,Matay,EG,2021-10-04 02:38:38,28.419,30.7792,67.78,75,0,12.39
342,Loubomo,CG,2021-10-04 02:38:39,-4.1997,12.6739,71.55,88,98,3.38
343,Latehar,IN,2021-10-04 02:38:39,23.75,84.5,82.04,74,42,3.02
344,Raga,SS,2021-10-04 02:38:39,8.4596,25.678,69.35,91,84,3.69
345,Sabha,LY,2021-10-04 02:38:40,27.0377,14.4283,74.32,36,0,9.8
346,Aksarka,RU,2021-10-04 02:38:40,66.5606,67.7975,30.15,77,100,12.15
347,Raglan,NZ,2021-10-04 02:38:40,-37.8,174.8833,70.3,87,73,6.17
348,Snasa,NO,2021-10-04 02:38:41,64.2457,12.3778,57.67,60,100,15.1
349,El Alto,PE,2021-10-04 02:38:41,-4.2714,-81.2147,63.32,82,95,17.4
350,Hong Gai,VN,2021-10-04 02:38:41,20.956,107.0946,87.71,69,60,7.94
351,Brae,GB,2021-10-04 02:38:42,60.3964,-1.353,53.51,80,100,31.88
352,Aransas Pass,US,2021-10-04 02:38:42,27.9095,-97.15,81.99,87,1,4.0
353,Maragogi,BR,2021-10-04 02:38:43,-9.0122,-35.2225,75.34,83,15,11.01
354,Gat,IL,2021-10-04 02:34:04,31.61,34.7642,70.48,78,4,3.44
355,Kalikino,RU,2021-10-04 02:38:43,52.9493,39.8269,39.72,91,20,5.5
356,Batemans Bay,AU,2021-10-04 02:38:43,-35.7167,150.1833,75.2,45,10,3.78
357,Owando,CG,2021-10-04 02:38:44,-0.4819,15.8999,70.79,99,100,2.55
358,Coahuayana,MX,2021-10-04 02:38:44,18.7333,-103.6833,77.43,86,100,2.62
359,Necochea,AR,2021-10-04 02:38:45,-38.5473,-58.7368,42.19,83,0,6.2
360,Baykit,RU,2021-10-04 02:38:45,61.67,96.37,37.54,82,91,2.39
361,Bengkulu,ID,2021-10-04 02:38:45,-3.8004,102.2655,82.27,69,77,2.8
362,Iraucuba,BR,2021-10-04 02:38:46,-3.7461,-39.7833,77.36,78,0,8.37
363,Cardston,CA,2021-10-04 02:38:46,49.2,-113.3019,56.46,43,20,3.44
364,Kualakapuas,ID,2021-10-04 02:38:47,-3.0091,114.3876,77.16,97,100,1.34
365,Haines Junction,CA,2021-10-04 02:38:48,60.7522,-137.5108,35.55,69,100,8.05
366,Flin Flon,CA,2021-10-04 02:38:48,54.7682,-101.865,51.19,51,2,5.66
367,Finote Selam,ET,2021-10-04 02:38:49,10.7,37.2667,56.35,94,67,1.68
368,Novoagansk,RU,2021-10-04 02:38:49,61.9449,76.6625,29.71,86,61,7.36
369,Goderich,CA,2021-10-04 02:38:49,43.7501,-81.7165,67.03,94,98,5.75
370,Wittstock,DE,2021-10-04 02:38:50,53.1612,12.4829,56.98,80,100,8.39
371,Norman Wells,CA,2021-10-04 02:38:50,65.282,-126.8329,33.84,93,90,25.32
372,Vestmanna,FO,2021-10-04 02:38:50,62.1564,-7.1664,45.52,100,75,11.5
373,Tilichiki,RU,2021-10-04 02:38:51,60.4667,166.1,38.75,94,100,24.74
374,Mayumba,GA,2021-10-04 02:38:51,-3.432,10.6554,75.31,86,100,5.93
375,Oriximina,BR,2021-10-04 02:38:51,-1.7656,-55.8661,75.92,90,80,3.62
376,Roald,NO,2021-10-04 02:38:52,62.5833,6.1333,59.05,71,20,20.71
377,Akdepe,TM,2021-10-04 02:38:52,42.0551,59.3788,39.29,62,3,8.9
378,Iralaya,HN,2021-10-04 02:38:52,15.0,-83.2333,79.75,84,12,8.52
379,Puerto Escondido,MX,2021-10-04 02:38:53,15.85,-97.0667,83.23,61,75,3.44
380,Izhma,RU,2021-10-04 02:38:53,65.0083,53.9113,36.77,92,100,5.91
381,Kavieng,PG,2021-10-04 02:38:53,-2.5744,150.7967,84.34,69,100,7.61
382,Daokou,CN,2021-10-04 02:38:54,35.5639,114.5058,59.86,88,100,22.82
383,Xining,CN,2021-10-04 02:35:07,36.6167,101.7667,42.03,83,100,2.82
384,Touros,BR,2021-10-04 02:38:54,-5.1989,-35.4608,74.3,81,19,13.87
385,Totness,SR,2021-10-04 02:38:55,5.8833,-56.3167,78.57,88,100,10.6
386,Bay Roberts,CA,2021-10-04 02:38:55,47.5999,-53.2648,53.44,93,100,4.0
387,Tessalit,ML,2021-10-04 02:38:55,20.1986,1.0114,83.08,15,76,10.71
388,Mana,GF,2021-10-04 02:38:56,5.6592,-53.7767,79.02,85,4,10.36
389,Grindavik,IS,2021-10-04 02:38:56,63.8424,-22.4338,44.55,81,0,19.57
390,Esperance,AU,2021-10-04 02:38:56,-33.8667,121.9,64.24,42,0,12.82
391,Ati,TD,2021-10-04 02:38:57,13.2154,18.3353,83.12,50,21,6.04
392,Roswell,US,2021-10-04 02:38:57,34.0232,-84.3616,70.23,95,90,0.0
393,Mount Gambier,AU,2021-10-04 02:38:58,-37.8333,140.7667,51.71,87,75,17.27
394,Bathsheba,BB,2021-10-04 02:38:58,13.2167,-59.5167,83.01,74,40,27.63
395,Salaga,GH,2021-10-04 02:38:58,8.5508,-0.5188,74.16,93,60,1.95
396,Kathmandu,NP,2021-10-04 02:34:29,27.7167,85.3167,71.82,88,75,2.3
397,Huangzhai,CN,2021-10-04 02:38:59,38.0751,112.6595,50.41,95,100,9.46
398,Salalah,OM,2021-10-04 02:38:59,17.0151,54.0924,80.69,83,75,4.61
399,Ninotsminda,GE,2021-10-04 02:39:00,41.2646,43.5916,37.85,97,100,4.61
400,Gambela,ET,2021-10-04 02:39:00,8.25,34.5833,68.68,97,89,3.18
401,Khash,IR,2021-10-04 02:39:00,28.2211,61.2158,64.13,24,73,3.02
402,Hulan Ergi,CN,2021-10-04 02:39:01,47.2042,123.6333,54.0,48,6,6.71
403,Isfana,KG,2021-10-04 02:39:01,39.8386,69.5306,37.96,45,16,1.9
404,Leningradskiy,RU,2021-10-04 02:39:01,69.3833,178.4167,20.21,83,24,2.17
405,Nalut,LY,2021-10-04 02:39:02,30.3333,10.85,72.66,36,0,10.42
406,Namibe,AO,2021-10-04 02:39:02,-15.1961,12.1522,59.59,88,0,3.58
407,Tezu,IN,2021-10-04 02:39:02,27.9167,96.1667,73.92,98,100,1.63
408,Tamano,JP,2021-10-04 02:39:03,34.4833,133.95,83.88,54,12,1.68
409,Panalingaan,PH,2021-10-04 02:39:03,8.7842,117.4231,82.22,75,100,1.68
410,Bubaque,GW,2021-10-04 02:39:03,11.2833,-15.8333,81.75,75,89,5.41
411,Hoa Binh,VN,2021-10-04 02:39:04,20.8133,105.3383,84.09,67,15,2.64
412,Fairbanks,US,2021-10-04 02:35:13,64.8378,-147.7164,34.3,94,90,5.75
413,Gobabis,NA,2021-10-04 02:39:04,-22.45,18.9667,49.78,26,0,8.7
414,Balkhash,KZ,2021-10-04 02:39:04,46.844,74.9804,48.81,66,75,15.66
415,Aklavik,CA,2021-10-04 02:39:05,68.2191,-135.0107,32.83,95,100,15.86
416,Port Macquarie,AU,2021-10-04 02:39:05,-31.4333,152.9167,91.89,28,0,9.4
417,Dutse,NG,2021-10-04 02:39:06,11.7594,9.3392,76.08,47,0,6.06
418,Buala,SB,2021-10-04 02:39:06,-8.145,159.5921,83.79,75,77,4.34
419,Erzin,TR,2021-10-04 02:39:06,36.9559,36.2,72.32,52,0,4.27
420,Sitka,US,2021-10-04 02:39:07,57.0531,-135.33,46.29,66,75,6.91
421,Kamenka,RU,2021-10-04 02:39:07,51.3223,42.7678,39.61,85,3,6.96
422,Eureka,US,2021-10-04 02:39:07,40.8021,-124.1637,56.19,81,16,3.58
423,Ponta Do Sol,PT,2021-10-04 02:39:08,32.6667,-17.1,74.01,81,100,6.44
424,Kismayo,SO,2021-10-04 02:39:08,-0.3582,42.5454,77.02,80,94,11.77
425,Sibolga,ID,2021-10-04 02:39:09,1.7427,98.7792,84.97,63,90,2.57
426,Udachnyy,RU,2021-10-04 02:39:09,66.4167,112.4,30.9,70,99,4.21
427,Tanhacu,BR,2021-10-04 02:39:10,-14.0214,-41.2481,72.64,70,5,6.76
428,Sorland,NO,2021-10-04 02:39:10,67.667,12.6934,52.84,88,100,17.87
429,Praia Da Vitoria,PT,2021-10-04 02:39:10,38.7333,-27.0667,68.76,77,20,5.41
430,Te Anau,NZ,2021-10-04 02:39:11,-45.4167,167.7167,55.22,72,88,2.71
431,Zhigansk,RU,2021-10-04 02:39:11,66.7697,123.3711,31.1,74,100,5.75
432,Primorsk,UA,2021-10-04 02:39:11,46.7348,36.3443,52.93,48,100,15.68
433,Kenai,US,2021-10-04 02:39:12,60.5544,-151.2583,46.49,54,1,5.75
434,Mumford,GH,2021-10-04 02:39:12,5.2618,-0.759,76.89,90,12,6.11
435,Champerico,GT,2021-10-04 02:39:13,14.3,-91.9167,81.03,78,28,2.71
436,Mount Abu,IN,2021-10-04 02:39:13,24.6,72.7,69.73,76,1,5.53
437,Changji,CN,2021-10-04 02:39:13,44.0167,87.3167,45.39,61,0,4.47
438,Sisimiut,GL,2021-10-04 02:39:14,66.9395,-53.6735,33.4,68,68,5.48
439,Salinopolis,BR,2021-10-04 02:39:14,-0.6136,-47.3561,79.95,79,11,12.28
440,Ahipara,NZ,2021-10-04 02:39:15,-35.1667,173.1667,65.5,77,4,8.86
441,Iquique,CL,2021-10-04 02:39:15,-20.2208,-70.1431,60.84,76,63,1.07
442,Grants Pass,US,2021-10-04 02:39:15,42.439,-123.3284,75.79,56,1,5.75
443,Chepen,PE,2021-10-04 02:39:16,-7.2167,-79.45,65.08,79,79,7.81
444,Harper,LR,2021-10-04 02:39:16,4.375,-7.7169,76.98,90,65,6.55
445,Nizhniy Odes,RU,2021-10-04 02:39:16,63.6445,54.856,30.79,83,23,4.09
446,Semirom,IR,2021-10-04 02:39:17,31.4167,51.5667,53.73,39,0,2.3
447,Tateyama,JP,2021-10-04 02:39:17,34.9833,139.8667,84.15,70,5,11.12
448,Cenade,RO,2021-10-04 02:39:17,46.0587,24.0089,40.96,63,0,2.75
449,Lisakovsk,KZ,2021-10-04 02:39:18,52.5369,62.4936,30.2,81,17,10.67
450,Undory,RU,2021-10-04 02:39:18,54.6085,48.3928,43.84,88,52,7.11
451,Saint-Joseph,RE,2021-10-04 02:39:18,-21.3667,55.6167,69.21,79,34,9.66
452,Voi,KE,2021-10-04 02:39:19,-3.3945,38.563,67.24,83,74,7.49
453,Belaya Glina,RU,2021-10-04 02:39:19,46.07,40.86,51.12,55,100,13.29
454,Corrente,BR,2021-10-04 02:39:19,-3.7367,-43.3394,75.52,84,1,4.52
455,Mata De Sao Joao,BR,2021-10-04 02:39:20,-12.5303,-38.2992,78.55,98,12,2.51
456,Vostok,RU,2021-10-04 02:39:20,46.4856,135.8833,41.56,94,100,3.44
457,Balkanabat,TM,2021-10-04 02:39:21,39.5108,54.3671,61.5,20,49,18.1
458,Berbera,SO,2021-10-04 02:39:21,10.4396,45.0143,87.17,70,94,2.89
459,Marienburg,PL,2021-10-04 02:38:37,54.0359,19.0266,55.06,80,99,9.08
460,Klamath Falls,US,2021-10-04 02:38:05,42.2249,-121.7817,69.71,31,1,1.01
461,Bocas Del Toro,PA,2021-10-04 02:39:21,9.3333,-82.25,82.08,79,100,6.26
462,Ancona,IT,2021-10-04 02:39:22,43.55,13.1667,66.38,66,18,1.14
463,Estacion Coahuila,MX,2021-10-04 02:39:22,32.1939,-115.0017,90.7,17,83,6.33
464,Antofagasta,CL,2021-10-04 02:39:22,-23.65,-70.4,56.48,73,44,7.63
465,Freeport,US,2021-10-04 02:34:47,40.6576,-73.5832,73.49,81,75,1.01
466,Pakxan,LA,2021-10-04 02:39:23,18.3778,103.6601,85.53,64,39,3.0
467,Maniitsoq,GL,2021-10-04 02:39:23,65.4167,-52.9,38.19,64,14,6.22
468,Saint Stephen,GB,2021-10-04 02:39:23,50.3333,-4.9,53.55,93,75,12.66
469,Aswan,EG,2021-10-04 02:36:28,24.0934,32.907,70.9,49,0,8.05
470,Gao,ML,2021-10-04 02:39:24,16.6362,1.637,81.82,14,2,10.22
471,Kita,ML,2021-10-04 02:39:24,13.0349,-9.4895,74.73,77,85,1.92
472,Lata,PT,2021-10-04 02:39:25,40.1629,-8.3327,55.81,80,100,1.34
473,Evensk,RU,2021-10-04 02:39:25,61.95,159.2333,42.57,54,100,21.88
474,Raudeberg,NO,2021-10-04 02:39:25,61.9875,5.1352,53.2,89,100,38.45
475,Zaozerne,UA,2021-10-04 02:39:26,45.1582,33.2787,52.95,64,75,16.55
476,Plettenberg Bay,ZA,2021-10-04 02:39:26,-34.0527,23.3716,50.05,80,20,7.38
477,Cayenne,GF,2021-10-04 02:39:26,4.9333,-52.3333,83.08,77,0,1.99
478,Hobyo,SO,2021-10-04 02:39:27,5.3505,48.5268,78.42,87,77,13.47
479,Tabasalu,EE,2021-10-04 02:39:27,59.4303,24.5331,48.99,87,0,10.36
480,Betlitsa,RU,2021-10-04 02:39:28,54.0095,33.9588,42.76,89,100,4.56
481,Beipiao,CN,2021-10-04 02:39:28,41.7919,120.7792,55.02,47,100,17.78
482,Kashan,IR,2021-10-04 02:39:28,33.9831,51.4364,69.98,34,0,1.32
483,Bandarbeyla,SO,2021-10-04 02:39:29,9.4942,50.8122,79.12,79,27,19.1
484,Skelleftea,SE,2021-10-04 02:39:29,64.7507,20.9528,54.0,66,90,5.01
485,Porto Nacional,BR,2021-10-04 02:39:29,-10.7081,-48.4172,80.6,54,99,3.0
486,Constitucion,CL,2021-10-04 02:39:30,-35.3333,-72.4167,49.71,73,0,7.27
487,Linhares,BR,2021-10-04 02:39:30,-19.3911,-40.0722,74.48,82,66,7.67
488,Neuquen,AR,2021-10-04 02:39:30,-38.9516,-68.0591,58.89,31,0,13.8
489,Mulege,MX,2021-10-04 02:39:30,26.8833,-111.9833,82.6,55,3,1.48
490,Svencioneliai,LT,2021-10-04 02:39:31,55.1667,26.0,46.18,73,43,10.4
491,Port-Gentil,GA,2021-10-04 02:39:31,-0.7193,8.7815,77.38,84,99,12.53
492,Kendari,ID,2021-10-04 02:39:31,-3.945,122.4989,88.66,54,89,1.99
493,Las Vegas,US,2021-10-04 02:37:05,36.175,-115.1372,88.48,19,1,0.0
494,Nantucket,US,2021-10-04 02:36:16,41.2835,-70.0995,66.09,93,99,8.3
495,Sao Joao Da Barra,BR,2021-10-04 02:39:32,-21.6403,-41.0511,73.69,91,99,3.31
496,Iquitos,PE,2021-10-04 02:39:20,-3.7481,-73.2472,78.84,89,75,5.75
497,Sorong,ID,2021-10-04 02:39:32,-0.8833,131.25,86.49,61,79,13.8
498,Alice Springs,AU,2021-10-04 02:39:17,-23.7,133.8833,80.15,16,0,16.11
499,Dire,ML,2021-10-04 02:39:33,12.2833,-10.9667,73.2,88,62,0.65
500,North Platte,US,2021-10-04 02:39:33,41.1239,-100.7654,64.33,57,1,5.99
501,Santo Antonio Do Monte,BR,2021-10-04 02:39:33,-20.0872,-45.2936,73.85,58,94,3.53
502,Port Hedland,AU,2021-10-04 02:39:34,-20.3167,118.5667,87.85,16,4,13.8
503,Nicoya,CR,2021-10-04 02:39:34,10.1483,-85.452,76.55,91,59,1.63
504,Verkh-Usugli,RU,2021-10-04 02:39:34,52.7,115.1667,43.18,49,100,1.68
505,Cabo San Lucas,MX,2021-10-04 02:38:29,22.8909,-109.9124,83.14,78,20,4.61
506,Omsukchan,RU,2021-10-04 02:39:35,62.5333,155.8,23.04,88,100,15.59
507,Harij,IN,2021-10-04 02:39:35,23.7,71.9,83.86,71,3,8.7
508,Bukachacha,RU,2021-10-04 02:39:36,52.9833,116.9167,46.17,46,40,2.8
509,Boa Vista,BR,2021-10-04 02:39:36,2.8197,-60.6733,85.98,62,40,6.91
510,Hay River,CA,2021-10-04 02:39:36,60.8156,-115.7999,46.38,36,75,5.75
511,Caldas Da Rainha,PT,2021-10-04 02:39:36,39.4033,-9.1384,61.02,67,100,4.65
512,Srednekolymsk,RU,2021-10-04 02:39:37,67.45,153.6833,27.77,78,99,8.5
513,Felipe Carrillo Puerto,MX,2021-10-04 02:39:37,19.5833,-88.05,73.89,99,75,2.84
514,Vila,PT,2021-10-04 02:39:38,42.0304,-8.1588,46.33,93,100,3.62
515,Mercedes,AR,2021-10-04 02:39:38,-34.6515,-59.4307,51.19,61,4,4.16
516,Muravlenko,RU,2021-10-04 02:39:39,63.7898,74.523,29.1,85,96,7.18
517,Kosino,RU,2021-10-04 02:39:39,58.4127,51.2782,30.07,88,25,4.56
518,Dzhebariki-Khaya,RU,2021-10-04 02:39:39,62.2167,135.8,38.21,56,13,3.85
519,Korem,ET,2021-10-04 02:39:40,12.5058,39.5228,54.63,72,35,2.33
520,Beringovskiy,RU,2021-10-04 02:39:40,63.05,179.3167,39.11,98,100,17.54
521,Loreto,MX,2021-10-04 02:39:41,22.2667,-101.9667,60.8,79,76,12.44
522,Hanzhong,CN,2021-10-04 02:39:41,33.0728,107.0303,62.24,76,100,4.59
523,Nueva Gerona,CU,2021-10-04 02:39:41,21.8833,-82.8,81.86,72,67,10.36
524,Oussouye,SN,2021-10-04 02:39:42,12.485,-16.5469,79.88,84,100,3.83
525,Tahe,CN,2021-10-04 02:39:42,52.3333,124.7333,43.74,39,0,8.08
526,Rabat,MA,2021-10-04 02:39:42,33.9911,-6.8401,67.15,86,90,3.44
527,Kabin Buri,TH,2021-10-04 02:39:43,13.9511,101.7177,84.61,72,97,2.89
528,Iwaki,JP,2021-10-04 02:39:43,37.05,140.8833,83.77,63,7,9.35
529,Buin,CL,2021-10-04 02:39:43,-33.7333,-70.75,59.74,58,0,4.52
530,Greytown,ZA,2021-10-04 02:39:44,-29.0642,30.5928,46.35,79,100,1.36
531,Panjab,AF,2021-10-04 02:39:44,34.388,67.0233,42.78,56,0,4.07
532,Magway,MM,2021-10-04 02:39:44,20.15,94.9167,84.25,71,10,5.95
533,Port Lincoln,AU,2021-10-04 02:39:45,-34.7333,135.8667,56.26,75,92,27.67
534,La Ronge,CA,2021-10-04 02:39:45,55.1001,-105.2842,52.05,50,90,4.61
535,Dunedin,NZ,2021-10-04 02:39:30,-45.8742,170.5036,49.8,98,100,13.0
536,May Pen,JM,2021-10-04 02:39:45,17.9645,-77.2451,79.81,87,97,2.77
537,Kango,GA,2021-10-04 02:39:46,0.1943,10.0951,73.53,98,100,1.99
538,Kamaishi,JP,2021-10-04 02:39:46,39.2667,141.8833,74.35,54,3,11.18
539,Urucara,BR,2021-10-04 02:39:46,-2.5364,-57.76,80.56,71,72,4.45
540,Leo,BF,2021-10-04 02:39:47,11.1,-2.1,73.29,80,34,3.13
541,Ishigaki,JP,2021-10-04 02:39:47,24.3448,124.1572,86.13,74,40,16.11
542,Albanel,CA,2021-10-04 02:39:47,48.8832,-72.4487,37.54,100,3,3.44
543,Alpena,US,2021-10-04 02:39:48,45.0617,-83.4327,62.74,99,90,1.99
544,Ayolas,PY,2021-10-04 02:39:48,-27.4,-56.9,59.18,62,100,12.75
545,Marsa Matruh,EG,2021-10-04 02:39:49,31.3525,27.2453,70.0,56,40,6.91
546,Remontnoye,RU,2021-10-04 02:39:49,46.5614,43.6501,44.49,46,100,13.85
547,Ponta Delgada,PT,2021-10-04 02:35:13,37.7333,-25.6667,73.51,94,75,2.3
548,Mujiayingzi,CN,2021-10-04 02:39:50,42.1167,118.7833,51.69,48,100,12.93
549,Weligama,LK,2021-10-04 02:39:50,5.9667,80.4167,81.79,77,96,9.01
550,Sindou,BF,2021-10-04 02:39:50,10.6667,-5.1667,73.33,79,66,2.59
551,Lensk,RU,2021-10-04 02:39:50,60.7253,114.9278,39.25,74,99,7.67
552,Ossora,RU,2021-10-04 02:39:51,59.2353,163.0719,38.79,96,100,25.46
553,Noyabrsk,RU,2021-10-04 02:39:51,63.1994,75.4507,27.66,84,53,7.2
554,Los Llanos De Aridane,ES,2021-10-04 02:39:52,28.6585,-17.9182,70.12,69,90,9.22
555,La Romana,DO,2021-10-04 02:39:52,18.4273,-68.9728,82.13,94,75,6.91
556,Marawi,PH,2021-10-04 02:39:52,7.9986,124.2928,73.65,91,100,5.84
557,Zirandaro,MX,2021-10-04 02:39:53,18.45,-100.9833,77.63,84,80,1.72
558,Havelock,US,2021-10-04 02:39:53,34.8791,-76.9013,75.94,78,1,3.44
559,Murska Sobota,SI,2021-10-04 02:39:54,46.6625,16.1664,61.63,87,13,7.52
560,Tongzi,CN,2021-10-04 02:39:54,28.7829,105.0877,82.96,71,80,4.88
561,Bangkal,PH,2021-10-04 02:39:54,6.0667,121.0667,77.25,94,100,10.63
562,Bodden Town,KY,2021-10-04 02:39:55,19.2833,-81.25,83.93,87,20,5.75
563,Aranos,NA,2021-10-04 02:39:55,-24.1333,19.1167,49.19,33,0,9.4
564,Nordfjordeid,NO,2021-10-04 02:39:55,61.9063,5.9915,54.28,93,100,9.42
565,Porto Novo,BJ,2021-10-04 02:39:56,6.4965,2.6036,80.42,92,100,4.29
566,Guasdualito,VE,2021-10-04 02:39:56,7.2424,-70.7324,73.8,96,17,4.36
567,Shilka,RU,2021-10-04 02:39:56,51.85,116.0333,45.86,48,100,5.08
568,Ketchikan,US,2021-10-04 02:39:56,55.3422,-131.6461,42.78,87,90,3.44
569,Swedru,GH,2021-10-04 02:39:57,5.5371,-0.6998,73.9,98,35,3.71
570,Krasnoselkup,RU,2021-10-04 02:35:20,65.7,82.4667,23.81,80,87,6.24
571,Veydelevka,RU,2021-10-04 02:39:57,50.1521,38.4492,44.82,77,26,6.49
572,Zhangye,CN,2021-10-04 02:39:58,38.9342,100.4517,51.04,30,100,0.67
